1.7x,1.7t,1.6x,1.6t,1.5x,1.5t,1.4x,1.4t,1.3x,1.3t,1.2x,1.2t
0,0,0,0,0,0,0,0,0,0,0,0
0,0.010298,0,0.010251,0,0.010256,-0.000029296875,0.010314,0,0.010329,0,0.0103
0,0.020501,0,0.020519,0,0.020462,-0.000029296875,0.020519,0,0.020542,0,0.020526
0,0.030715,0,0.030742,0,0.030695,-0.000029296875,0.030734,0,0.030753,0,0.030733
0,0.040987,0,0.040946,0,0.040904,-0.000029296875,0.041029,0,0.04103,0,0.040944
0,0.051199,0,0.051179,0,0.051107,-0.000029296875,0.051237,0,0.051233,0,0.051152
0,0.061407,0,0.061382,0,0.061325,0,0.061448,0,0.061437,0,0.061381
0,0.071685,0,0.071583,0,0.071533,-0.000029296875,0.07173,0,0.071669,0,0.071589
0,0.081883,0,0.081802,0,0.081727,-0.000029296875,0.081929,0,0.081883,0,0.081801
0,0.092091,0,0.092017,0,0.091955,-0.000029296875,0.092144,0,0.092088,0,0.092027
0,0.102357,0,0.102219,0,0.102164,-0.000029296875,0.102426,0,0.102284,0,0.102232
0,0.11256,0,0.112425,0,0.112366,0,0.112639,0,0.112489,0,0.112445
0,0.122777,0,0.122646,0,0.122575,-0.000029296875,0.12284,0,0.122713,0,0.122706
0,0.133043,0,0.132851,0,0.13279,-0.000029296875,0.133089,0,0.132914,0,0.132909
0,0.143253,0,0.143062,0,0.143005,0,0.143298,0,0.143137,0,0.143135
0,0.153467,0,0.153291,0,0.153233,0,0.153503,0,0.153342,0,0.153358
0,0.163733,0,0.163506,0,0.163441,-0.000029296875,0.163723,0,0.163549,0,0.163563
0,0.173932,0,0.173705,0,0.173644,-0.000029296875,0.173938,0,0.173759,0,0.173774
0,0.184146,0,0.183923,0,0.183855,0,0.184141,0,0.184021,0,0.184032
0,0.19442,0,0.194143,0,0.194061,0,0.194356,0,0.19423,0,0.194242
0,0.204626,0,0.204346,0,0.204273,-0.000029296875,0.204559,0,0.204451,0,0.204464
0,0.214838,0,0.214574,0,0.21449,-0.000029296875,0.21476,0,0.214658,0,0.214685
0,0.225122,0,0.224775,0,0.224699,-0.000029296875,0.224978,0,0.224865,0,0.224891
0,0.235325,0,0.234985,0,0.234903,-0.000029296875,0.235197,0,0.23507,0,0.235105
0,0.245538,0,0.245199,0,0.245107,-0.000029296875,0.245402,0,0.245292,0,0.24536
0,0.255813,0,0.255413,0,0.255318,-0.000029296875,0.255616,0,0.255502,0,0.255566
0,0.266017,0,0.265618,0,0.26552,-0.000029296875,0.265826,0,0.265701,0,0.265779
0,0.276241,0,0.275837,0,0.275743,-0.000029296875,0.276033,0,0.275902,0,0.276047
0,0.286481,0,0.286057,0,0.285953,0,0.286242,0,0.286105,0,0.286247
0,0.296683,0,0.296258,0,0.296154,0,0.296455,0,0.296319,0,0.296459
0,0.306894,0,0.306475,0,0.306404,-0.000029296875,0.306667,0,0.306538,0,0.306729
0,0.317148,0,0.316725,0,0.316608,-0.000029296875,0.316888,0,0.31674,0,0.316931
0,0.327358,0,0.326925,0,0.326808,-0.000029296875,0.327094,0,0.326958,0,0.327152
0,0.337572,0,0.337133,0,0.337091,-0.000029296875,0.337302,0,0.337163,0,0.337386
0,0.347828,0,0.347416,0,0.3473,0,0.347526,0,0.347364,0,0.34759
0,0.35804,0,0.357622,0,0.357507,0,0.357737,0,0.357574,0,0.357803
0,0.368249,0,0.367826,0,0.367769,-0.000029296875,0.367942,0,0.367791,0,0.368067
0,0.378521,0,0.378111,0,0.377975,0,0.37815,0,0.37799,0,0.37827
0,0.388727,0,0.388314,0,0.388184,0,0.388362,0.000029296875,0.388205,0,0.388491
0,0.398939,0,0.398511,0,0.398465,-0.000029296875,0.398561,0.000029296875,0.39841,0,0.398757
0,0.409205,0,0.408784,0,0.408664,0,0.408761,0.000029296875,0.408613,0,0.408964
0,0.41941,0,0.418991,0,0.41885,0,0.418969,0.000029296875,0.418824,0,0.419171
0,0.429618,0,0.429198,0,0.429119,-0.000029296875,0.429223,0.000029296875,0.429029,0,0.429444
0,0.439898,0,0.439479,0.000029296875,0.439322,-0.000029296875,0.439425,0.000029296875,0.439234,0,0.439644
0,0.450103,0,0.449683,0.000029296875,0.449524,-0.000029296875,0.449647,0.000029296875,0.449448,0,0.449863
0,0.460332,0,0.4599,0.000029296875,0.459799,0,0.459861,0.000029296875,0.459648,0,0.460113
0,0.470565,0,0.47018,0.000029296875,0.470006,-0.000029296875,0.470076,0.000029296875,0.469863,0,0.470322
0,0.480771,0,0.480383,0.000029296875,0.480211,-0.000029296875,0.48028,0.00005859375,0.480077,0,0.48054
0,0.490994,0,0.490588,0.00005859375,0.490434,0,0.490536,0.000029296875,0.490293,0,0.490819
0,0.501201,0,0.500875,0.00005859375,0.50064,-0.000029296875,0.500742,0.00005859375,0.5005,0,0.501018
0,0.511407,0,0.51108,0.000087890625,0.510849,-0.000029296875,0.510967,0.00005859375,0.51071,0,0.511233
0,0.521622,0,0.521283,0.000087890625,0.521076,0,0.521201,0.00005859375,0.520914,0,0.521499
0,0.531831,0,0.531512,0.000087890625,0.53128,0,0.531403,0.00005859375,0.531131,0,0.531702
0,0.542036,0,0.541724,0.000087890625,0.541487,0,0.541618,0.00005859375,0.541342,0,0.541913
0,0.552251,0,0.551931,0.0001171875,0.551695,0,0.551869,0.00005859375,0.55155,0,0.55217
0,0.562494,0,0.562137,0.0001171875,0.561908,0,0.562072,0.00005859375,0.561759,0,0.562369
0,0.572695,0,0.572351,0.0001171875,0.572113,0,0.572301,0.000087890625,0.57198,0,0.57259
0.000029296875,0.582913,0,0.582554,0.0001171875,0.582335,0,0.582518,0.000087890625,0.582192,0,0.582827
0.000029296875,0.593151,0,0.592768,0.000146484375,0.592541,0,0.592722,0.000087890625,0.592391,0,0.593032
0.000029296875,0.603357,0,0.602989,0.000146484375,0.602747,0.000029296875,0.602934,0.000087890625,0.602596,0,0.60325
0.00005859375,0.613574,0,0.613193,0.000146484375,0.612956,0.000029296875,0.613173,0.0001171875,0.612833,0,0.61352
0.00005859375,0.623797,0,0.623403,0.000146484375,0.623179,0.000029296875,0.623374,0.0001171875,0.623037,0,0.623723
0.000087890625,0.633998,0,0.633617,0.00017578125,0.633387,0.000029296875,0.633591,0.0001171875,0.633263,0,0.633937
0.000087890625,0.644218,0,0.643821,0.00017578125,0.643591,0.000029296875,0.643796,0.0001171875,0.643473,0,0.644204
0.0001171875,0.654437,0,0.654033,0.00017578125,0.653805,0.00005859375,0.653998,0.0001171875,0.653674,0,0.654412
0.0001171875,0.664641,0,0.664247,0.00017578125,0.664005,0.00005859375,0.664215,0.0001171875,0.663883,0,0.664625
0.00017578125,0.674855,0,0.674454,0.00017578125,0.674211,0.00005859375,0.674456,0.0001171875,0.674152,0,0.674906
0.000263671875,0.685116,0,0.68469,0.00017578125,0.684426,0.00005859375,0.684667,0.0001171875,0.684355,0,0.685115
0.00064453125,0.695316,0,0.6949,0.000205078125,0.694655,0.00005859375,0.694894,0.0001171875,0.694566,0.000029296875,0.695328
0.0015234375,0.705522,0,0.705101,0.000234375,0.704864,0.00005859375,0.705123,0.000146484375,0.704829,0.000029296875,0.705595
0.002607421875,0.715795,0,0.715308,0.000263671875,0.715072,0.00005859375,0.715332,0.000146484375,0.715027,0.000029296875,0.715799
0.003955078125,0.725995,0,0.72552,0.00029296875,0.725277,0.00005859375,0.725546,0.000146484375,0.725242,0.00005859375,0.726008
0.005361328125,0.73621,0,0.735727,0.000322265625,0.735484,0.00005859375,0.735821,0.000146484375,0.735517,0.00005859375,0.736267
0.00685546875,0.746497,0,0.745925,0.000556640625,0.745705,0.00005859375,0.746024,0.00017578125,0.745716,0.000087890625,0.746475
0.0084375,0.756706,0,0.756152,0.001318359375,0.755921,0.00005859375,0.756248,0.00017578125,0.75593,0.000087890625,0.756683
0.0099609375,0.766909,0,0.766356,0.00234375,0.766127,0.000087890625,0.766479,0.00017578125,0.766201,0.000087890625,0.766941
0.01154296875,0.777197,0,0.776558,0.003515625,0.776359,0.000087890625,0.776678,0.00017578125,0.776398,0.000087890625,0.777141
0.013125,0.787397,0,0.786765,0.004716796875,0.786559,0.000087890625,0.786896,0.00017578125,0.786609,0.000087890625,0.787351
0.01461914063,0.797605,0,0.796991,0.006123046875,0.796756,0.000087890625,0.797129,0.00017578125,0.796881,0.0001171875,0.797619
0.01640625,0.807875,0,0.80719,0.007470703125,0.806975,0.0001171875,0.80733,0.000205078125,0.807078,0.000087890625,0.807829
0.0183984375,0.818076,0,0.817414,0.0087890625,0.817206,0.0001171875,0.817553,0.000205078125,0.817292,0.000087890625,0.818034
0.02053710938,0.828279,0,0.827634,0.0103125,0.827409,0.0001171875,0.827771,0.000234375,0.827557,0.000087890625,0.828303
0.02314453125,0.83856,0,0.837838,0.01168945313,0.837624,0.0001171875,0.837975,0.000263671875,0.837762,0.000087890625,0.838501
0.02604492188,0.848762,0,0.84805,0.01309570313,0.847844,0.0001171875,0.848182,0.000322265625,0.847969,0.0001171875,0.848718
0.02876953125,0.858971,0,0.858324,0.01467773438,0.858046,0.0001171875,0.858452,0.000439453125,0.858246,0.0001171875,0.858994
0.03254882813,0.869236,0,0.868525,0.01640625,0.868268,0.0001171875,0.868654,0.000908203125,0.868449,0.00017578125,0.869202
0.03624023438,0.879433,0,0.878754,0.01810546875,0.878491,0.0001171875,0.878869,0.001875,0.878674,0.00029296875,0.879413
0.03966796875,0.889649,0,0.888979,0.02009765625,0.888696,0.000146484375,0.889129,0.002958984375,0.888913,0.000673828125,0.889693
0.04333007813,0.899918,0,0.899188,0.02229492188,0.898913,0.000146484375,0.899332,0.00427734375,0.899117,0.00158203125,0.899909
0.046875,0.91013,0,0.909397,0.02458007813,0.909139,0.000146484375,0.909546,0.005537109375,0.909327,0.0024609375,0.910114
0.05024414063,0.920339,0,0.919653,0.02709960938,0.919346,0.00017578125,0.919816,0.006796875,0.9196,0.003515625,0.920392
0.053671875,0.930633,0,0.929855,0.02953125,0.929559,0.000205078125,0.930018,0.00814453125,0.929798,0.00451171875,0.930592
0.05727539063,0.94084,0,0.940078,0.03205078125,0.939815,0.000234375,0.940231,0.0092578125,0.940017,0.0055078125,0.940803
0.06055664063,0.951049,0,0.950306,0.0346875,0.950021,0.000263671875,0.950497,0.010546875,0.950292,0.00662109375,0.951064
0.06407226563,0.961335,0,0.960514,0.03711914063,0.960241,0.00029296875,0.960681,0.01189453125,0.960496,0.00791015625,0.961265
0.06764648438,0.971545,0,0.97072,0.03978515625,0.970503,0.000322265625,0.970888,0.01306640625,0.970707,0.008994140625,0.971476
0.07122070313,0.981757,0,0.980977,0.04233398438,0.980706,0.00041015625,0.981165,0.01444335938,0.980978,0.0103125,0.981745
0.07517578125,0.992097,0,0.991185,0.04470703125,0.990924,0.00076171875,0.991373,0.01596679688,0.991186,0.01166015625,0.991947
0.07942382813,1.002294,0.000029296875,1.001409,0.04725585938,1.001186,0.00169921875,1.001578,0.01754882813,1.0014,0.01291992188,1.002157
0.0837890625,1.012494,0,1.011642,0.04989257813,1.011395,0.002841796875,1.011872,0.01927734375,1.011677,0.01435546875,1.012426
0.08874023438,1.022767,0.000029296875,1.021849,0.0525,1.021608,0.004248046875,1.022085,0.0212109375,1.021877,0.01584960938,1.022623
0.09383789063,1.032967,0.000029296875,1.032058,0.05537109375,1.031877,0.005625,1.032297,0.02314453125,1.032095,0.01728515625,1.032827
0.09861328125,1.043165,0.000029296875,1.04234,0.05833007813,1.042089,0.007001953125,1.042501,0.02534179688,1.04236,0.01892578125,1.043062
0.1034179688,1.053458,0.000029296875,1.052544,0.06125976563,1.052296,0.008466796875,1.052703,0.027421875,1.052562,0.02059570313,1.053266
0.10828125,1.063666,0.000029296875,1.062763,0.06459960938,1.062569,0.009873046875,1.062931,0.02947265625,1.06277,0.02223632813,1.063472
0.1127050781,1.073875,0.000029296875,1.073032,0.06799804688,1.072776,0.01127929688,1.073141,0.03158203125,1.07304,0.02390625,1.07381
0.1175683594,1.084163,0.00005859375,1.083227,0.07133789063,1.08298,0.01283203125,1.083363,0.03348632813,1.083244,0.02557617188,1.084012
0.1222851563,1.094367,0.00005859375,1.093428,0.07497070313,1.09332,0.01432617188,1.093586,0.03524414063,1.093453,0.02704101563,1.094221
0.1266503906,1.104585,0.00005859375,1.103659,0.07848632813,1.103534,0.0160546875,1.103791,0.03706054688,1.103726,0.02841796875,1.104464
0.1313085938,1.114875,0.000087890625,1.113877,0.08170898438,1.113746,0.01775390625,1.114009,0.03884765625,1.113927,0.02979492188,1.114671
0.1359375,1.125076,0.0001171875,1.124077,0.08516601563,1.123972,0.01965820313,1.124249,0.040546875,1.124129,0.03111328125,1.124873
0.1404785156,1.135287,0.000146484375,1.134296,0.0884765625,1.134174,0.021796875,1.134458,0.042421875,1.13442,0.03231445313,1.135145
0.1456054688,1.145569,0.00017578125,1.144504,0.0915234375,1.14438,0.024140625,1.144684,0.04435546875,1.144625,0.03369140625,1.145347
0.1509667969,1.155768,0.0003515625,1.154706,0.09495117188,1.154677,0.0266015625,1.154905,0.04637695313,1.154847,0.03498046875,1.155554
0.1562109375,1.165984,0.0009375,1.16493,0.09849609375,1.164907,0.02938476563,1.165112,0.04872070313,1.165128,0.03638671875,1.165772
0.1618945313,1.176254,0.001904296875,1.17513,0.1020117188,1.175112,0.032109375,1.175333,0.05118164063,1.175331,0.03796875,1.175987
0.167578125,1.186458,0.0028125,1.18534,0.1058789063,1.185326,0.03477539063,1.185565,0.0535546875,1.185533,0.0394921875,1.186186
0.1729101563,1.196669,0.00404296875,1.195579,0.1098632813,1.195549,0.0375,1.195775,0.0561328125,1.195823,0.0411328125,1.196397
0.178828125,1.206937,0.00533203125,1.205804,0.113671875,1.205748,0.04025390625,1.205994,0.0587109375,1.206023,0.04265625,1.206623
0.184453125,1.21714,0.00662109375,1.216008,0.1175976563,1.215948,0.04262695313,1.2162,0.06114257813,1.216232,0.0446484375,1.216828
0.1896386719,1.227358,0.008115234375,1.226204,0.121640625,1.226158,0.04508789063,1.226414,0.0636328125,1.22651,0.04643554688,1.227042
0.1950585938,1.237645,0.0094921875,1.23642,0.1254492188,1.236381,0.0474609375,1.236638,0.0659765625,1.236703,0.04822265625,1.237258
0.2007128906,1.247854,0.01095703125,1.246649,0.1294628906,1.246581,0.04977539063,1.246845,0.06811523438,1.24691,0.04983398438,1.247475
0.2061328125,1.258065,0.01248046875,1.256848,0.1332714844,1.256793,0.052265625,1.25705,0.07040039063,1.257193,0.05147460938,1.257689
0.2120507813,1.268355,0.0139453125,1.267069,0.13734375,1.267074,0.05487304688,1.26726,0.07265625,1.267397,0.05302734375,1.267896
0.21796875,1.278555,0.01555664063,1.277306,0.1411816406,1.277278,0.057421875,1.277468,0.07485351563,1.277608,0.05452148438,1.278097
0.2234179688,1.288771,0.01737304688,1.287503,0.1447558594,1.287493,0.0603515625,1.287676,0.07725585938,1.287901,0.05607421875,1.28831
0.2293066406,1.29904,0.01927734375,1.297722,0.1485058594,1.297795,0.06345703125,1.297891,0.0796875,1.298109,0.05762695313,1.298526
0.2353125,1.309245,0.02153320313,1.307995,0.152109375,1.307999,0.06647460938,1.308112,0.08217773438,1.308306,0.0591796875,1.308732
0.2410839844,1.319471,0.0240234375,1.318201,0.1555957031,1.318198,0.06969726563,1.318315,0.08504882813,1.318577,0.06090820313,1.31894
0.247265625,1.329719,0.026484375,1.328413,0.1595507813,1.328483,0.07291992188,1.328546,0.08806640625,1.328787,0.06272460938,1.329157
0.2534765625,1.339925,0.02938476563,1.338685,0.1635644531,1.338692,0.07599609375,1.338747,0.0909375,1.338986,0.06451171875,1.339358
0.2595996094,1.350158,0.03240234375,1.348893,0.1675488281,1.348895,0.07913085938,1.348962,0.093984375,1.349227,0.0664453125,1.349583
0.2656347656,1.360368,0.03524414063,1.359114,0.1718847656,1.359204,0.08206054688,1.359184,0.09697265625,1.359446,0.06846679688,1.359801
0.2723144531,1.370587,0.03834960938,1.369381,0.1762207031,1.369411,0.0853125,1.369415,0.099609375,1.36965,0.07045898438,1.370015
0.2789941406,1.380809,0.0413671875,1.379587,0.1803808594,1.379628,0.0884765625,1.37962,0.1023339844,1.379879,0.07236328125,1.380214
0.2850585938,1.39102,0.04420898438,1.389806,0.184921875,1.389905,0.09161132813,1.389842,0.1049414063,1.390087,0.07447265625,1.390429
0.2914160156,1.401242,0.0472265625,1.400077,0.1893457031,1.400104,0.0946875,1.400045,0.1073144531,1.400299,0.07625976563,1.400632
0.2977734375,1.411459,0.05018554688,1.410286,0.1936230469,1.410317,0.09796875,1.410254,0.1097460938,1.410533,0.0781640625,1.410841
0.3036035156,1.421667,0.05291015625,1.420494,0.198046875,1.42059,0.1010449219,1.420464,0.1121777344,1.420745,0.079921875,1.421054
0.3098144531,1.431887,0.0558984375,1.430763,0.2023535156,1.430792,0.1042382813,1.430725,0.1144335938,1.430949,0.08170898438,1.431308
0.3158496094,1.442114,0.0590625,1.440959,0.2063378906,1.441014,0.107578125,1.44093,0.1168945313,1.44117,0.08364257813,1.441514
0.3218554688,1.452316,0.0622265625,1.451173,0.2104980469,1.451296,0.1109179688,1.451156,0.1195605469,1.451385,0.08548828125,1.451729
0.3286523438,1.462521,0.06577148438,1.461441,0.2146875,1.461498,0.1141699219,1.461377,0.122109375,1.46159,0.08727539063,1.461932
0.3356835938,1.472736,0.0697265625,1.471655,0.2188476563,1.471707,0.1175976563,1.471586,0.1248925781,1.471813,0.08923828125,1.472145
0.3420703125,1.482945,0.07344726563,1.481856,0.2234472656,1.481981,0.1208789063,1.481801,0.1275585938,1.482035,0.09120117188,1.482365
0.3488671875,1.493162,0.07749023438,1.492131,0.2281347656,1.492193,0.1243652344,1.492052,0.1301074219,1.492237,0.09336914063,1.492591
0.3557226563,1.503384,0.08162109375,1.502335,0.2326464844,1.502409,0.1277050781,1.502261,0.1327441406,1.502443,0.09556640625,1.50279
0.3622558594,1.513582,0.08537109375,1.512545,0.2373632813,1.512682,0.1307226563,1.512487,0.1352929688,1.51266,0.0978515625,1.513009
0.3690234375,1.523786,0.08947265625,1.522806,0.2420800781,1.522875,0.1339160156,1.522722,0.1376074219,1.522873,0.09993164063,1.523219
0.3756152344,1.534002,0.09360351563,1.53303,0.2465039063,1.53308,0.1369628906,1.532941,0.1399804688,1.533097,0.1020996094,1.533428
0.3820019531,1.544206,0.09755859375,1.543232,0.2512792969,1.543411,0.1397460938,1.543159,0.1424121094,1.543311,0.1041503906,1.54364
0.3887695313,1.554419,0.1018359375,1.553473,0.2561132813,1.553609,0.1428222656,1.55343,0.1446972656,1.553541,0.106171875,1.553911
0.3963574219,1.564634,0.1059960938,1.563674,0.2605078125,1.563821,0.146015625,1.563631,0.1471582031,1.563754,0.1081933594,1.564109
0.4029199219,1.574856,0.1098925781,1.57388,0.2651074219,1.574094,0.1490917969,1.573843,0.1496777344,1.573969,0.1100683594,1.574336
0.4098632813,1.585057,0.1140527344,1.584165,0.2696484375,1.584299,0.1524902344,1.584096,0.1520800781,1.584187,0.1119140625,1.584565
0.4167773438,1.595274,0.1182128906,1.594382,0.2737207031,1.594517,0.15609375,1.594301,0.1547753906,1.594383,0.113671875,1.594776
0.4232519531,1.605483,0.1222265625,1.604585,0.278203125,1.604779,0.1595507813,1.604501,0.1573828125,1.604593,0.1154589844,1.604993
0.4300488281,1.615692,0.1267675781,1.614815,0.2828027344,1.61499,0.1632714844,1.614698,0.1602832031,1.614833,0.1173339844,1.61527
0.43640625,1.625907,0.1314550781,1.625022,0.2871972656,1.625208,0.1669335938,1.624922,0.1630957031,1.625032,0.1192382813,1.625478
0.4435839844,1.636139,0.1358203125,1.635223,0.29203125,1.635487,0.1704785156,1.635121,0.1659960938,1.635257,0.1209667969,1.6357
0.4511132813,1.646344,0.1406542969,1.645455,0.2968066406,1.645693,0.1741699219,1.645333,0.1687792969,1.64547,0.1228710938,1.645966
0.458671875,1.656566,0.1453417969,1.655671,0.3013476563,1.655906,0.1777441406,1.655557,0.1716796875,1.655689,0.1247167969,1.656184
0.4655566406,1.666771,0.1496484375,1.665885,0.306328125,1.666182,0.1812011719,1.665757,0.1743457031,1.665908,0.1264160156,1.666397
0.4726757813,1.67697,0.1545117188,1.676088,0.3113085938,1.676392,0.1847460938,1.675963,0.1770703125,1.676134,0.1282324219,1.676676
0.4796484375,1.68717,0.1592871094,1.686318,0.3161132813,1.686596,0.1879980469,1.68619,0.1799121094,1.686347,0.1299023438,1.686884
0.4864160156,1.697421,0.1637988281,1.696539,0.3210058594,1.69687,0.1914257813,1.69641,0.1825195313,1.696556,0.1315722656,1.697091
0.4940332031,1.707621,0.168515625,1.706742,0.32578125,1.707081,0.1948828125,1.706614,0.1852441406,1.70675,0.1331542969,1.707284
0.5012402344,1.717852,0.1731738281,1.716947,0.3302929688,1.717289,0.1983105469,1.716829,0.1879980469,1.716976,0.1347949219,1.7175
0.5083007813,1.728057,0.1775976563,1.72716,0.3350976563,1.727554,0.2016210938,1.727044,0.1907519531,1.727196,0.1363183594,1.727711
0.5161230469,1.738268,0.1824316406,1.737403,0.340078125,1.737764,0.2053710938,1.737285,0.1934472656,1.737407,0.1377832031,1.737917
0.5232421875,1.748482,0.1873535156,1.747612,0.3448242188,1.747979,0.209296875,1.747497,0.1962890625,1.747632,0.1393359375,1.748155
0.5308007813,1.758746,0.1921582031,1.757818,0.3499804688,1.758247,0.2130761719,1.757686,0.1991894531,1.757851,0.1409765625,1.758374
0.5383007813,1.768949,0.1972558594,1.768028,0.3549316406,1.768448,0.2172363281,1.767897,0.20203125,1.768053,0.1425292969,1.768577
0.5452734375,1.779167,0.2024414063,1.778237,0.3594726563,1.778668,0.2213964844,1.778107,0.2051953125,1.778266,0.1441699219,1.778783
0.5525683594,1.789398,0.2073046875,1.788449,0.3642773438,1.788904,0.2250292969,1.788319,0.2083886719,1.78847,0.1458398438,1.789014
0.5598632813,1.799613,0.2126660156,1.798677,0.3690527344,1.799107,0.2288964844,1.798538,0.21140625,1.798677,0.1473632813,1.799241
0.5673339844,1.809823,0.2183496094,1.80888,0.373828125,1.809322,0.2327050781,1.808752,0.2146582031,1.8089,0.1489453125,1.809441
0.5753027344,1.820089,0.2236230469,1.819088,0.3788964844,1.819582,0.2361621094,1.818965,0.2178515625,1.819129,0.1504980469,1.819654
0.5829785156,1.830296,0.2293652344,1.829314,0.3838183594,1.829789,0.2398535156,1.829195,0.2207519531,1.829336,0.1520507813,1.829891
0.5900390625,1.840515,0.2346972656,1.83953,0.3884472656,1.839998,0.243515625,1.839411,0.2236230469,1.839553,0.1536621094,1.840094
0.5977148438,1.850786,0.2396484375,1.849749,0.3932519531,1.850264,0.2468847656,1.84963,0.2265527344,1.849769,0.15515625,1.850312
0.6053320313,1.861007,0.2448046875,1.859969,0.3983203125,1.86047,0.2504882813,1.8599,0.2291894531,1.859972,0.1566796875,1.86059
0.6123925781,1.871222,0.2501074219,1.870185,0.403125,1.870677,0.2540039063,1.870106,0.2321191406,1.870191,0.1583203125,1.870806
0.6199511719,1.881495,0.2550585938,1.880392,0.40828125,1.88096,0.2573730469,1.880311,0.2349316406,1.880418,0.1598144531,1.881015
0.6279492188,1.891698,0.2603320313,1.890603,0.4134667969,1.891167,0.2608886719,1.890608,0.2376855469,1.890624,0.1615136719,1.891307
0.6356542969,1.901921,0.2656347656,1.900818,0.418125,1.901382,0.2646386719,1.900806,0.2406152344,1.900836,0.163125,1.901513
0.6437109375,1.912196,0.2706445313,1.911035,0.4231347656,1.911658,0.2681835938,1.91102,0.2435449219,1.911062,0.1648242188,1.911731
0.6517089844,1.922405,0.2762695313,1.921247,0.4280273438,1.921861,0.2720800781,1.921275,0.2462695313,1.921274,0.166640625,1.922012
0.6592089844,1.932618,0.2821875,1.931461,0.4327148438,1.932079,0.27609375,1.931486,0.249140625,1.931483,0.1684863281,1.932217
0.6671484375,1.942885,0.2879589844,1.941666,0.4376660156,1.942328,0.2799023438,1.941688,0.251953125,1.941714,0.1702441406,1.942429
0.6747363281,1.9531,0.2938476563,1.951868,0.4425878906,1.952532,0.2838574219,1.951918,0.2545605469,1.951922,0.1721484375,1.952709
0.6825292969,1.963319,0.2997949219,1.962089,0.4475976563,1.962749,0.2877539063,1.962135,0.2573144531,1.962129,0.1739355469,1.962918
0.6901757813,1.973542,0.3052148438,1.972307,0.4522851563,1.972971,0.2914160156,1.972341,0.259921875,1.972344,0.1756933594,1.973129
0.6983496094,1.983744,0.3109570313,1.982512,0.4576171875,1.983181,0.2952246094,1.982566,0.2624121094,1.982555,0.1775683594,1.983396
0.7056445313,1.99396,0.3163183594,1.992728,0.4627734375,1.993404,0.2990625,1.99278,0.2651367188,1.992754,0.1794433594,1.993604
0.7133789063,2.004182,0.3217675781,2.003002,0.4683691406,2.003669,0.3026660156,2.002994,0.2679199219,2.002974,0.181171875,2.003822
0.7210253906,2.014385,0.3270996094,2.013205,0.4738769531,2.013874,0.3063867188,2.013221,0.2705273438,2.013196,0.1830761719,2.014125
0.7278515625,2.024597,0.3322851563,2.023418,0.4787109375,2.024089,0.3101074219,2.023444,0.2734277344,2.023405,0.184921875,2.024329
0.7344433594,2.034848,0.3381738281,2.033661,0.4840136719,2.034347,0.3136230469,2.033653,0.2763867188,2.033628,0.1866796875,2.034546
0.74015625,2.04505,0.3443261719,2.043866,0.4890234375,2.044548,0.3173730469,2.04391,0.2792285156,2.043858,0.1886425781,2.044799
0.7450195313,2.055262,0.3500390625,2.054073,0.4938574219,2.054764,0.3211230469,2.05412,0.2823046875,2.054066,0.1906347656,2.055008
0.74953125,2.065533,0.3559863281,2.064367,0.4988964844,2.065028,0.3248730469,2.06433,0.2853222656,2.064297,0.1925976563,2.065225
0.7534863281,2.075734,0.3619335938,2.07457,0.50390625,2.07524,0.3291210938,2.074599,0.2881933594,2.074512,0.1947363281,2.07547
0.7566503906,2.085945,0.3675585938,2.084781,0.5085351563,2.085456,0.3333984375,2.084814,0.2911816406,2.084708,0.1968457031,2.085673
0.7592578125,2.096203,0.3737988281,2.095077,0.5135449219,2.095725,0.3374414063,2.095017,0.294140625,2.094924,0.1988378906,2.095901
0.7611328125,2.106413,0.3798339844,2.105284,0.5187597656,2.105932,0.3416894531,2.105291,0.2968945313,2.105134,0.2009179688,2.106132
0.7622460938,2.116626,0.3853125,2.115486,0.5237988281,2.116147,0.3456152344,2.115497,0.2998242188,2.11534,0.2030566406,2.116337
0.7630078125,2.12691,0.3911425781,2.125741,0.5293652344,2.126425,0.3492773438,2.125698,0.3028710938,2.125576,0.2051074219,2.126567
0.7633300781,2.137114,0.3971777344,2.135944,0.5349316406,2.136637,0.3531445313,2.13597,0.3055664063,2.135786,0.2070410156,2.136772
0.7633007813,2.147339,0.4029785156,2.146151,0.54,2.146863,0.3568652344,2.14619,0.3084082031,2.145993,0.2090332031,2.146977
0.7632714844,2.157573,0.4092480469,2.156374,0.5454492188,2.157126,0.36046875,2.156403,0.3112207031,2.156218,0.2110839844,2.157194
0.7632714844,2.167778,0.4153417969,2.166601,0.55078125,2.167344,0.3643066406,2.166674,0.3139746094,2.166424,0.2130175781,2.167405
0.7632714844,2.177995,0.4209960938,2.176816,0.5558789063,2.177549,0.3680859375,2.176873,0.316875,2.176622,0.2151269531,2.177646
0.7632714844,2.18826,0.4269726563,2.187032,0.5611523438,2.187778,0.3715722656,2.187083,0.3197753906,2.186849,0.2172949219,2.187852
0.7632714844,2.198463,0.4330078125,2.197251,0.5662792969,2.197988,0.3752636719,2.197353,0.3226171875,2.197059,0.219375,2.198049
0.7632714844,2.208673,0.4386035156,2.20745,0.5709960938,2.208189,0.3789550781,2.207568,0.32578125,2.20726,0.2216308594,2.208291
0.7632714844,2.218941,0.4445800781,2.217654,0.5761816406,2.218421,0.3825,2.217776,0.3290625,2.217484,0.2238867188,2.218498
0.7632714844,2.229149,0.4506152344,2.227872,0.5816015625,2.228638,0.3863964844,2.228042,0.3321679688,2.227692,0.2259960938,2.228699
0.7632714844,2.239376,0.4566503906,2.238093,0.5868164063,2.238847,0.3903515625,2.238243,0.335390625,2.237895,0.22828125,2.238957
0.7632714844,2.249652,0.463359375,2.248303,0.5924707031,2.249111,0.3941308594,2.248453,0.3384375,2.248112,0.2305078125,2.249176
0.7632714844,2.259861,0.4699804688,2.258521,0.5978613281,2.259316,0.3982617188,2.25873,0.3415429688,2.258364,0.2325292969,2.259377
0.7632714844,2.270077,0.4758691406,2.268735,0.6029003906,2.269536,0.4022753906,2.268936,0.3444433594,2.268573,0.2345507813,2.269585
0.7632714844,2.280346,0.4821972656,2.278939,0.6083496094,2.279809,0.4059375,2.279144,0.3471679688,2.278797,0.2366308594,2.27981
0.7632714844,2.29055,0.4883496094,2.289153,0.6138574219,2.290024,0.4098632813,2.289384,0.3499511719,2.289065,0.2384765625,2.290016
0.7632714844,2.300764,0.494296875,2.299381,0.6190136719,2.300233,0.4137304688,2.299593,0.3527929688,2.299274,0.2404101563,2.300232
0.7632714844,2.311042,0.5004199219,2.309587,0.6244921875,2.310498,0.4173046875,2.309805,0.355546875,2.309494,0.2423144531,2.310453
0.7632714844,2.321247,0.5064550781,2.319806,0.629765625,2.320714,0.4212890625,2.320084,0.3582128906,2.319717,0.2440136719,2.320663
0.7632714844,2.33148,0.5122265625,2.330007,0.6346289063,2.33092,0.4252441406,2.330293,0.3611132813,2.329914,0.2458007813,2.330867
0.7632714844,2.341708,0.5186132813,2.340214,0.640078125,2.341197,0.42890625,2.340503,0.3638378906,2.340112,0.2476464844,2.341081
0.7632714844,2.35191,0.525234375,2.350432,0.6454980469,2.351402,0.4328613281,2.350698,0.3667382813,2.350392,0.2494042969,2.351287
0.7632714844,2.362119,0.5315625,2.360665,0.6507128906,2.361613,0.4367871094,2.360925,0.3695214844,2.360594,0.25125,2.361505
0.7632714844,2.372359,0.5380371094,2.370868,0.6561914063,2.371867,0.4405078125,2.371131,0.3721582031,2.370812,0.2530957031,2.371713
0.7632714844,2.382558,0.5441015625,2.381085,0.6615820313,2.382079,0.4445800781,2.381347,0.3749121094,2.381099,0.2548535156,2.381926
0.7632714844,2.392785,0.5506933594,2.391346,0.6666796875,2.392282,0.4488867188,2.391562,0.3776074219,2.391309,0.2566699219,2.39215
0.7632714844,2.403002,0.557109375,2.401549,0.6722167969,2.402596,0.4529003906,2.401767,0.3799511719,2.401514,0.2584570313,2.402372
0.7632714844,2.4132,0.5630859375,2.41176,0.6777246094,2.412804,0.4572949219,2.41197,0.3825878906,2.41172,0.26015625,2.412577
0.7632714844,2.423423,0.5694726563,2.422091,0.6827636719,2.423013,0.46125,2.422191,0.3852246094,2.421933,0.2619140625,2.422779
0.7632714844,2.433637,0.57609375,2.432294,0.6881835938,2.43328,0.465234375,2.432415,0.3877734375,2.432137,0.2636425781,2.433004
0.7632714844,2.443857,0.5824511719,2.442502,0.6935742188,2.443486,0.46921875,2.442616,0.3904394531,2.442343,0.2652539063,2.44321
0.7632714844,2.45408,0.5892773438,2.452764,0.6988769531,2.45369,0.4731738281,2.452849,0.3929003906,2.452556,0.2669238281,2.453412
0.7632714844,2.464293,0.5956933594,2.462972,0.7047949219,2.463992,0.4768359375,2.463059,0.3958886719,2.462798,0.2685058594,2.46364
0.7632714844,2.474511,0.6016992188,2.473192,0.7106835938,2.474193,0.4808496094,2.473266,0.3987597656,2.473003,0.2700585938,2.473865
0.7632714844,2.48473,0.6081738281,2.483439,0.716015625,2.484397,0.4848632813,2.483486,0.4016894531,2.483233,0.2717578125,2.484071
0.7632714844,2.494949,0.6146777344,2.493642,0.7215234375,2.494603,0.4886132813,2.493694,0.4043847656,2.493456,0.2734863281,2.494291
0.7632714844,2.505176,0.6211523438,2.503867,0.7269140625,2.504822,0.4925683594,2.503893,0.4072851563,2.503665,0.2751855469,2.504509
0.7632714844,2.515399,0.6272167969,2.514094,0.7318066406,2.515031,0.4962597656,2.514104,0.4102441406,2.513885,0.2769726563,2.514713
0.7632714844,2.525613,0.6338671875,2.524296,0.7368164063,2.525235,0.5000976563,2.524376,0.4129980469,2.524117,0.2788476563,2.524944
0.7632714844,2.53583,0.6406347656,2.534515,0.7412988281,2.53547,0.5040234375,2.534588,0.4158984375,2.534328,0.2805761719,2.535151
0.7632714844,2.546034,0.6473730469,2.54475,0.7447851563,2.545682,0.5078027344,2.54481,0.418828125,2.544541,0.282421875,2.545358
0.7632714844,2.556253,0.654375,2.554955,0.7477734375,2.555872,0.5119042969,2.555084,0.4216699219,2.554728,0.284296875,2.555582
0.7632714844,2.566491,0.6606738281,2.565168,0.7500292969,2.566087,0.5160058594,2.565286,0.4245703125,2.564923,0.2860546875,2.565788
0.7632714844,2.576713,0.6675292969,2.575432,0.7516992188,2.576296,0.5199023438,2.575493,0.4274414063,2.575131,0.2879589844,2.575999
0.7632714844,2.586923,0.6742675781,2.58564,0.7531640625,2.586503,0.5239453125,2.585772,0.4301367188,2.585358,0.2897460938,2.586207
0.7632714844,2.597147,0.6803027344,2.595853,0.7544238281,2.596729,0.5279882813,2.595985,0.4330371094,2.595578,0.2915917969,2.596439
0.7632714844,2.607355,0.6866894531,2.606124,0.7555957031,2.606942,0.5317675781,2.606192,0.4359375,2.605796,0.2934375,2.606643
0.7632714844,2.617571,0.6933105469,2.616333,0.7565625,2.617142,0.5357519531,2.616452,0.4386621094,2.616,0.2952832031,2.616864
0.7632714844,2.627785,0.6997265625,2.626558,0.7571777344,2.627362,0.5399121094,2.626659,0.4416503906,2.626221,0.2969824219,2.62707
0.7632714844,2.637997,0.7067871094,2.636819,0.7574707031,2.637576,0.5438671875,2.636871,0.4447558594,2.63645,0.2988867188,2.637285
0.7632714844,2.648189,0.7135839844,2.647016,0.757734375,2.647779,0.5480273438,2.647178,0.4478027344,2.646666,0.3008203125,2.647496
0.7632714844,2.658409,0.7202929688,2.657238,0.7579394531,2.658001,0.5521289063,2.657393,0.4509960938,2.656872,0.3027246094,2.657716
0.7632714844,2.668628,0.7265039063,2.667467,0.7579394531,2.668225,0.5560253906,2.667603,0.4542773438,2.667089,0.3047167969,2.66792
0.7632714844,2.678856,0.7330664063,2.677672,0.7579394531,2.678427,0.5600683594,2.67783,0.4572949219,2.677298,0.3067089844,2.678137
0.7632714844,2.689092,0.7386621094,2.687901,0.7579394531,2.688654,0.5641699219,2.68804,0.4604589844,2.687501,0.3085839844,2.688343
0.7632714844,2.699305,0.7439648438,2.698154,0.7579394531,2.698875,0.5682128906,2.698242,0.4634179688,2.697716,0.3106347656,2.69856
0.7632714844,2.709507,0.7483886719,2.708357,0.7579394531,2.709071,0.5725195313,2.708515,0.4662304688,2.707942,0.3126855469,2.708776
0.7632714844,2.719744,0.7519042969,2.718565,0.7579394531,2.719304,0.5769140625,2.718726,0.4691894531,2.718156,0.3145605469,2.71898
0.7632714844,2.729946,0.75515625,2.728835,0.7579394531,2.729512,0.5809863281,2.728924,0.4721191406,2.728382,0.3165527344,2.729206
0.7632714844,2.740164,0.7579101563,2.739043,0.7579394531,2.739717,0.5851464844,2.739127,0.4748730469,2.738587,0.3185449219,2.739415
0.7632714844,2.750445,0.7602539063,2.749269,0.7579394531,2.749935,0.5892480469,2.749343,0.4777441406,2.74879,0.3204492188,2.749615
0.7632714844,2.760645,0.7623925781,2.759534,0.7579394531,2.760141,0.5930859375,2.759554,0.4806738281,2.759004,0.3224414063,2.759829
0.7632714844,2.770863,0.7640332031,2.769746,0.7579394531,2.770348,0.5971289063,2.769763,0.4834277344,2.769236,0.3244921875,2.77004
0.7632714844,2.781137,0.7651171875,2.779971,0.7579394531,2.780562,0.6013476563,2.779995,0.486328125,2.779435,0.3263964844,2.780276
0.7632714844,2.791344,0.7654394531,2.790203,0.7579394531,2.790771,0.6053027344,2.790208,0.4889941406,2.789659,0.3283886719,2.790479
0.7632714844,2.801554,0.7653222656,2.800416,0.7579394531,2.800966,0.6094042969,2.800416,0.4918945313,2.799884,0.3304394531,2.800699
0.7632714844,2.811833,0.7650585938,2.810633,0.75796875,2.811183,0.6134472656,2.810637,0.4946191406,2.810094,0.3324316406,2.8109
0.7632714844,2.822039,0.7650878906,2.820903,0.75796875,2.821425,0.6171972656,2.820838,0.4972265625,2.820309,0.3346289063,2.821113
0.7632714844,2.832256,0.7651757813,2.831108,0.75796875,2.831633,0.62109375,2.831053,0.4998925781,2.830558,0.3367089844,2.831321
0.7632714844,2.842546,0.7651757813,2.841336,0.75796875,2.841855,0.6251660156,2.841284,0.5026171875,2.840759,0.3389355469,2.841599
0.7632714844,2.852752,0.7651757813,2.851567,0.75796875,2.852061,0.6290039063,2.851495,0.5054296875,2.850981,0.3410742188,2.851807
0.7632714844,2.862967,0.7651757813,2.861788,0.75796875,2.862272,0.6329003906,2.8617,0.5081835938,2.861193,0.3430957031,2.862019
0.7632714844,2.873248,0.7652050781,2.871999,0.75796875,2.872487,0.6372949219,2.871932,0.5110839844,2.871395,0.3452050781,2.87229
0.7632714844,2.883458,0.7651757813,2.882284,0.75796875,2.882726,0.6412207031,2.882136,0.5138671875,2.881602,0.34734375,2.882501
0.7632714844,2.893667,0.7651757813,2.892495,0.75796875,2.892923,0.6453515625,2.892336,0.5169433594,2.891837,0.3493359375,2.892718
0.7632714844,2.903943,0.7651757813,2.902722,0.75796875,2.903163,0.6495410156,2.902566,0.5200488281,2.902042,0.3513867188,2.902992
0.7632714844,2.914143,0.7652050781,2.912953,0.75796875,2.913375,0.6535546875,2.912769,0.5228320313,2.912256,0.3533203125,2.913201
0.7632714844,2.924357,0.7652050781,2.923165,0.75796875,2.923584,0.6577734375,2.922974,0.5257910156,2.922534,0.3551660156,2.923411
0.7632714844,2.934619,0.7652050781,2.933372,0.75796875,2.9338,0.6621386719,2.933184,0.5287792969,2.932738,0.3571289063,2.933679
0.7632714844,2.944831,0.7652050781,2.943643,0.75796875,2.944026,0.6661523438,2.943402,0.5315625,2.942957,0.3590332031,2.9439
0.7632714844,2.955048,0.7652050781,2.953847,0.75796875,2.954231,0.6703417969,2.953604,0.5345507813,2.953213,0.3608203125,2.954114
0.7632714844,2.965317,0.7652050781,2.964071,0.75796875,2.964462,0.67453125,2.963841,0.5375390625,2.963416,0.3627246094,2.964388
0.7632714844,2.975524,0.7652050781,2.974306,0.75796875,2.974692,0.6783398438,2.974044,0.54046875,2.973639,0.364453125,2.974594
0.7632714844,2.985736,0.7652050781,2.98452,0.75796875,2.984901,0.6824707031,2.984251,0.5435449219,2.98387,0.36609375,2.984817
0.7632714844,2.996,0.7652050781,2.994732,0.75796875,2.995122,0.6867773438,2.99447,0.5465917969,2.994077,0.3678222656,2.995083
,,0.7652050781,3.005003,0.75796875,3.005348,0.6909375,3.004699,0.5494042969,3.004286,0.369609375,3.005298
,,0.7652050781,3.015205,0.75796875,3.015553,0.6953613281,3.014906,0.5524804688,3.01454,0.3711914063,3.015517
,,0.7652050781,3.02542,0.75796875,3.025791,0.69984375,3.025142,0.5554980469,3.024751,0.3729492188,3.025797
,,0.7652050781,3.035674,0.75796875,3.035995,0.7039160156,3.035349,0.55828125,3.034963,0.3746484375,3.036002
,,0.7652050781,3.045889,0.75796875,3.046194,0.7081933594,3.045549,0.5613867188,3.045242,0.376171875,3.046212
,,0.7652050781,3.056099,0.75796875,3.056412,0.7123535156,3.055777,0.5645214844,3.055448,0.3777832031,3.056478
,,0.7652050781,3.066363,0.75796875,3.066616,0.7162792969,3.066,0.5675976563,3.065663,0.3793066406,3.066696
,,0.7652050781,3.07657,0.75796875,3.076822,0.7202636719,3.076202,0.5709375,3.075992,0.380859375,3.076902
,,0.7652050781,3.086785,0.75796875,3.087053,0.7241015625,3.086426,0.5743359375,3.086207,0.3824707031,3.087186
,,0.7652050781,3.097056,0.75796875,3.097268,0.7271484375,3.096627,0.5775,3.096413,0.3840234375,3.097395
,,0.7652050781,3.107265,0.75796875,3.107468,0.7297265625,3.106835,0.5808398438,3.106699,0.3855175781,3.107612
,,0.7652050781,3.117474,,,0.7314257813,3.117061,0.5839746094,3.116904,0.3870410156,3.117878
,,0.7652050781,3.127749,,,0.7325976563,3.127292,0.586875,3.127109,0.3885351563,3.128088
,,0.7652050781,3.137952,,,0.7332421875,3.137498,0.5899511719,3.137393,0.3899414063,3.1383
,,0.7652050781,3.148173,,,0.7333007813,3.147723,0.5928808594,3.147602,0.3915234375,3.14858
,,0.7651757813,3.158401,,,0.7332421875,3.157933,0.5957226563,3.157808,0.3930175781,3.158784
,,0.7652050781,3.168612,,,0.7332421875,3.168141,0.5986816406,3.168033,0.3945117188,3.168996
,,0.7652050781,3.178827,,,0.7332421875,3.178358,0.601640625,3.178243,0.39609375,3.179263
,,0.7652050781,3.189107,,,0.7332421875,3.188578,0.6043945313,3.188447,0.3976757813,3.189477
,,0.7652050781,3.19931,,,0.7332421875,3.19879,0.6072949219,3.198652,0.3992578125,3.199683
,,0.7652050781,3.209515,,,0.7332421875,3.209006,0.6101953125,3.208885,0.4008398438,3.209954
,,0.7652050781,3.219793,,,0.7332421875,3.219207,0.612890625,3.219087,0.4025097656,3.220154
,,0.7652050781,3.230006,,,0.7332421875,3.229406,0.6157324219,3.229304,0.4041503906,3.230359
,,0.7652050781,3.240214,,,0.7332421875,3.239634,0.6185449219,3.23952,0.4059082031,3.240646
,,0.7652050781,3.250457,,,0.7332421875,3.249849,0.6211816406,3.249731,0.4077246094,3.250859
,,0.7652050781,3.260665,,,0.7332421875,3.260077,0.6239941406,3.259936,0.4093652344,3.261068
,,0.7652050781,3.270873,,,0.7332421875,3.270297,0.6267480469,3.270152,0.4111816406,3.271321
,,0.7652050781,3.28118,,,0.7332421875,3.280495,0.629765625,3.280385,0.4129394531,3.281526
,,0.7652050781,3.291399,,,0.7332421875,3.290695,0.6327246094,3.290588,0.4145800781,3.29173
,,0.7652050781,3.301614,,,0.7332421875,3.300924,0.6357128906,3.300808,0.4164257813,3.302003
,,0.7652050781,3.311815,,,0.7332421875,3.31113,0.6386425781,3.311025,0.4182714844,3.312207
,,0.7652050781,3.32204,,,0.7332421875,3.321364,0.6416894531,3.321226,0.4200292969,3.32241
,,0.7652050781,3.332288,,,0.7332421875,3.331573,0.6446777344,3.33144,0.4219335938,3.332648
,,0.7652050781,3.342496,,,0.7332421875,3.341777,0.647578125,3.341668,0.4238085938,3.342851
,,0.7652050781,3.352706,,,0.7332421875,3.352003,0.6506835938,3.351867,0.4255664063,3.353038
,,0.7652050781,3.362955,,,0.7332421875,3.362225,0.6537890625,3.362094,0.4274707031,3.363269
,,0.7652050781,3.373162,,,0.7332421875,3.37244,0.6566601563,3.372304,0.4294921875,3.373479
,,0.7652050781,3.383366,,,0.7332421875,3.382653,0.6598242188,3.382511,0.4314257813,3.38369
,,0.7652050781,3.393655,,,0.7332421875,3.392868,0.6629882813,3.392716,0.4334472656,3.393916
,,0.7652050781,3.40386,,,0.7332421875,3.403076,0.6658886719,3.402925,0.43546875,3.404124
,,0.7652050781,3.414072,,,0.7332421875,3.413281,0.6689648438,3.413156,0.43734375,3.414339
,,0.7652050781,3.424341,,,0.7332421875,3.42349,0.6719824219,3.423362,0.4394238281,3.424638
,,0.7652050781,3.434537,,,0.7332421875,3.433694,0.6748242188,3.433564,0.4414453125,3.434852
,,0.7652050781,3.444739,,,0.7332421875,3.443901,0.6778710938,3.443797,0.4434375,3.445046
,,0.7652050781,3.455017,,,0.7332421875,3.454113,0.6809179688,3.454005,0.4454882813,3.455249
,,0.7652050781,3.465222,,,0.7332421875,3.464322,0.68390625,3.464224,0.4474804688,3.465481
,,0.7652050781,3.475437,,,0.7332421875,3.474533,0.6872167969,3.474484,0.4493261719,3.475688
,,0.7652050781,3.485744,,,0.7332421875,3.484743,0.6905566406,3.484688,0.4514355469,3.485899
,,0.7652050781,3.495959,,,0.7332421875,3.494948,0.69375,3.494899,0.453515625,3.496108
,,0.7652050781,3.506169,,,0.7332421875,3.505154,0.6971484375,3.505167,0.4555078125,3.506317
,,0.7652050781,3.516447,,,0.7332421875,3.515384,0.7004882813,3.515371,0.457734375,3.516546
,,0.7652050781,3.526652,,,0.7332421875,3.525588,0.7034472656,3.525586,0.4599023438,3.526759
,,0.7652050781,3.536868,,,0.7332421875,3.535793,0.7065820313,3.535844,0.461953125,3.53696
,,0.7652050781,3.547173,,,0.7332421875,3.546009,0.7096289063,3.546051,0.4641503906,3.547179
,,0.7652050781,3.557378,,,0.7332421875,3.55621,0.7126757813,3.556285,0.4663476563,3.557386
,,0.7652050781,3.567586,,,0.7332421875,3.566436,0.7154589844,3.566492,0.4683984375,3.567591
,,0.7652050781,3.577875,,,0.7332421875,3.576646,0.7184765625,3.57669,0.4705371094,3.577794
,,0.7652050781,3.588082,,,0.7332421875,3.586856,0.7211132813,3.586902,0.4725878906,3.58801
,,0.7652050781,3.598294,,,0.7332421875,3.597062,0.7233398438,3.59712,0.4744628906,3.59822
,,,,,,0.7332421875,3.607277,0.7252148438,3.607332,0.4765429688,3.608427
,,,,,,0.7332421875,3.617487,0.7264160156,3.617556,0.4785058594,3.618665
,,,,,,0.7332421875,3.627699,0.7271777344,3.627787,0.4803808594,3.628861
,,,,,,0.7332421875,3.637924,0.7275292969,3.637994,0.48234375,3.639049
,,,,,,0.7332421875,3.64813,0.7275292969,3.648214,0.48421875,3.649279
,,,,,,0.7332421875,3.65833,0.7275292969,3.658453,0.4858886719,3.65948
,,,,,,0.7332421875,3.668556,0.7275292969,3.668657,0.4877050781,3.669688
,,,,,,0.7332421875,3.678772,0.7275292969,3.678884,0.4895507813,3.679891
,,,,,,0.7332421875,3.688977,0.7275292969,3.689098,0.4912792969,3.690093
,,,,,,0.7332421875,3.699196,0.7275292969,3.699297,0.4930957031,3.7003
,,,,,,0.7332421875,3.709406,0.7275292969,3.709509,0.4949414063,3.71052
,,,,,,0.7332421875,3.719611,0.7275292969,3.719717,0.4965820313,3.720729
,,,,,,0.7332421875,3.729829,0.7275292969,3.729927,0.4983691406,3.730949
,,,,,,0.7332421875,3.740043,0.7275292969,3.740156,0.50015625,3.74115
,,,,,,0.7332421875,3.750247,0.7275292969,3.750372,0.5018261719,3.751355
,,,,,,0.7332421875,3.760471,0.7275292969,3.760572,0.5035839844,3.761589
,,,,,,0.7332421875,3.770678,0.7275292969,3.770792,0.5052832031,3.7718
,,,,,,0.7332421875,3.780884,0.7275292969,3.781023,0.5068652344,3.782006
,,,,,,0.7332421875,3.791105,0.7275292969,3.791233,0.5084472656,3.792229
,,,,,,0.7332421875,3.801314,0.7275292969,3.801447,0.5100878906,3.802436
,,,,,,0.7332421875,3.811523,0.7275292969,3.811739,0.5116699219,3.812639
,,,,,,0.7332421875,3.821739,0.7275292969,3.821941,0.5134277344,3.822851
,,,,,,0.7332421875,3.83195,0.7275292969,3.832156,0.5151855469,3.833062
,,,,,,0.7332421875,3.842155,0.7275292969,3.84244,0.5168554688,3.843266
,,,,,,0.7332421875,3.852376,0.7275292969,3.85264,0.5187304688,3.853499
,,,,,,0.7332421875,3.862591,0.7275292969,3.862848,0.5205175781,3.863701
,,,,,,0.7332421875,3.872799,0.7275292969,3.873178,0.5222460938,3.873911
,,,,,,0.7332421875,3.883027,0.7275292969,3.883387,0.5241503906,3.884141
,,,,,,0.7332421875,3.893232,0.7275292969,3.893601,0.5260839844,3.89435
,,,,,,0.7332421875,3.90343,0.7275292969,3.903871,0.5279003906,3.904569
,,,,,,0.7332421875,3.913652,0.7275292969,3.914075,0.5297460938,3.914776
,,,,,,0.7332421875,3.923886,0.7275292969,3.924283,0.5317382813,3.924985
,,,,,,0.7332421875,3.934088,0.7275292969,3.934567,0.5334667969,3.935193
,,,,,,0.7332421875,3.944332,0.7275292969,3.944775,0.5353417969,3.945406
,,,,,,0.7332421875,3.954539,0.7275292969,3.954994,0.5372167969,3.955619
,,,,,,0.7332421875,3.964731,0.7275292969,3.965255,0.5390332031,3.965829
,,,,,,0.7332421875,3.974952,0.7275292969,3.97546,0.5409375,3.976039
,,,,,,0.7332421875,3.985217,0.7275292969,3.985681,0.5429589844,3.986245
,,,,,,0.7332421875,3.995426,0.7275292969,3.995956,0.5448925781,3.996456
,,,,,,0.7332421875,4.005643,0.7275292969,4.006163,0.5469726563,4.006693
,,,,,,0.7332421875,4.015907,0.7275292969,4.016383,0.5490820313,4.016915
,,,,,,0.7332421875,4.026118,0.7275292969,4.026653,0.5511328125,4.027121
,,,,,,0.7332421875,4.036323,0.7275292969,4.036863,0.5532421875,4.037328
,,,,,,0.7332421875,4.0466,0.7275292969,4.04708,0.5553222656,4.047541
,,,,,,0.7332421875,4.056808,0.7275292969,4.057346,0.5572851563,4.057749
,,,,,,0.7332421875,4.067019,0.7275292969,4.067543,0.5594238281,4.067978
,,,,,,0.7332421875,4.077295,0.7275292969,4.077757,0.5615039063,4.078198
,,,,,,0.7332421875,4.087498,0.7275292969,4.088023,0.5635546875,4.088406
,,,,,,0.7332421875,4.097724,0.7275292969,4.098233,0.5656640625,4.098602
,,,,,,0.7332421875,4.10799,0.7275292969,4.108439,0.5678027344,4.108821
,,,,,,0.7332421875,4.118195,0.7275292969,4.118735,0.5698535156,4.119025
,,,,,,0.7332421875,4.128412,0.7275292969,4.128944,0.5720800781,4.129236
,,,,,,0.7332421875,4.138685,0.7275292969,4.13916,0.5743945313,4.139458
,,,,,,0.7332421875,4.148891,0.7275292969,4.149445,0.5765917969,4.149682
,,,,,,0.7332421875,4.159102,0.7275292969,4.15965,0.5789355469,4.159889
,,,,,,0.7332421875,4.169376,0.7275292969,4.169862,0.5812207031,4.170108
,,,,,,0.7332421875,4.179579,0.7275292969,4.180127,0.5834765625,4.180309
,,,,,,0.7332421875,4.189795,0.7275292969,4.190328,0.585703125,4.190514
,,,,,,0.7332421875,4.200099,0.7275292969,4.20055,0.5879003906,4.200728
,,,,,,0.7332421875,4.210305,0.7275292969,4.210823,0.5900683594,4.210963
,,,,,,0.7332421875,4.220529,0.7275292969,4.221027,0.5922949219,4.221169
,,,,,,0.7332421875,4.230791,0.7275292969,4.231236,0.5942871094,4.231395
,,,,,,0.7332421875,4.241,0.7275292969,4.241505,0.5962792969,4.24161
,,,,,,0.7332421875,4.251222,0.7275292969,4.251709,0.5982714844,4.251827
,,,,,,0.7332421875,4.261445,0.7275292969,4.26193,0.6002050781,4.262042
,,,,,,0.7332421875,4.27165,0.7275292969,4.272192,0.6021972656,4.272283
,,,,,,0.7332421875,4.281868,0.7275292969,4.282396,0.6041015625,4.282487
,,,,,,0.7332421875,4.292081,0.7275292969,4.292605,0.6060058594,4.292708
,,,,,,0.7332421875,4.302295,0.7275292969,4.302851,0.6077636719,4.302912
,,,,,,0.7332421875,4.312527,0.7275292969,4.313051,0.6096972656,4.313119
,,,,,,0.7332421875,4.32272,0.7275292969,4.323263,0.6114550781,4.323336
,,,,,,0.7332421875,4.332922,0.7275292969,4.333536,0.6133300781,4.333577
,,,,,,0.7332421875,4.343137,0.7275292969,4.343743,0.615234375,4.343774
,,,,,,0.7332421875,4.353346,0.7275292969,4.353954,0.6169921875,4.354001
,,,,,,0.7332421875,4.363549,0.7275292969,4.364245,0.6186621094,4.36424
,,,,,,0.7332421875,4.373756,0.7275292969,4.374439,0.6204492188,4.374463
,,,,,,0.7332421875,4.383985,0.7275292969,4.384654,0.6221191406,4.384677
,,,,,,0.7332421875,4.39419,0.7275292969,4.394931,0.6238769531,4.394942
,,,,,,0.7332421875,4.404411,0.7275292969,4.405139,0.6256054688,4.405153
,,,,,,0.7332421875,4.414665,0.7275292969,4.415343,0.6272460938,4.415373
,,,,,,0.7332421875,4.424871,0.7275292969,4.425621,0.6289453125,4.425612
,,,,,,0.7332421875,4.435088,0.7275292969,4.435825,0.630703125,4.435819
,,,,,,0.7332421875,4.445327,0.7275292969,4.446039,0.6323144531,4.446033
,,,,,,0.7332421875,4.455534,0.7275292969,4.456316,0.6341308594,4.456306
,,,,,,0.7332421875,4.465739,0.7275292969,4.466522,0.6359472656,4.466509
,,,,,,0.7332421875,4.475998,0.7275292969,4.476731,0.6378515625,4.476731
,,,,,,0.7332421875,4.486206,0.7275292969,4.487021,0.639609375,4.486954
,,,,,,0.7332421875,4.49643,0.7275292969,4.497236,0.641484375,4.497167
,,,,,,0.7332421875,4.506672,0.7275292969,4.507451,0.6432714844,4.507383
,,,,,,0.7332421875,4.516874,0.7275292969,4.517728,0.6451757813,4.517608
,,,,,,0.7332421875,4.52709,0.7275292969,4.527937,0.647109375,4.52781
,,,,,,0.7332421875,4.537353,0.7275292969,4.538144,0.6490429688,4.538031
,,,,,,0.7332421875,4.547561,0.7275292969,4.548417,0.6508886719,4.548247
,,,,,,0.7332421875,4.55777,0.7275292969,4.558626,0.6528515625,4.558448
,,,,,,0.7332421875,4.568036,0.7275292969,4.568836,0.6547265625,4.568657
,,,,,,0.7332421875,4.578238,0.7275292969,4.579113,0.6567480469,4.578896
,,,,,,0.7332421875,4.588447,0.7275292969,4.589323,0.658828125,4.589099
,,,,,,0.7332421875,4.598709,0.7275292969,4.599537,0.6609082031,4.599321
,,,,,,0.7332421875,4.60892,0.7275292969,4.609807,0.6629296875,4.609542
,,,,,,0.7332421875,4.619137,0.7275292969,4.620012,0.6649804688,4.619745
,,,,,,0.7332421875,4.629395,0.7275292969,4.630225,0.6669433594,4.629958
,,,,,,0.7332421875,4.639597,0.7275292969,4.640497,0.6690820313,4.640222
,,,,,,0.7332421875,4.64982,0.7275292969,4.650703,0.6711914063,4.650433
,,,,,,0.7332421875,4.660087,0.7275292969,4.66093,0.673359375,4.660664
,,,,,,0.7332421875,4.670289,0.7275292969,4.671158,0.6753808594,4.670891
,,,,,,0.7332421875,4.680504,0.7275292969,4.681359,0.6775195313,4.681099
,,,,,,0.7332421875,4.690738,0.7275292969,4.691581,0.6795117188,4.691316
,,,,,,0.7332421875,4.700949,0.7275292969,4.701828,0.6816503906,4.701584
,,,,,,0.7332421875,4.711166,0.7275292969,4.712039,0.6838476563,4.71179
,,,,,,0.7332421875,4.721437,0.7275292969,4.722261,0.6858984375,4.722006
,,,,,,0.7332421875,4.731637,0.7275292969,4.732506,0.6880371094,4.73228
,,,,,,0.7332421875,4.741844,0.7275292969,4.742712,0.690234375,4.742489
,,,,,,0.7332421875,4.752113,0.7275292969,4.752931,0.69234375,4.752707
,,,,,,0.7332421875,4.76232,0.7275292969,4.763191,0.6945996094,4.762976
,,,,,,0.7332421875,4.772535,0.7275292969,4.773397,0.6968847656,4.773184
,,,,,,0.7332421875,4.782809,0.7275292969,4.783611,0.6990234375,4.783401
,,,,,,0.7332421875,4.793013,0.7275292969,4.793877,0.7013085938,4.793669
,,,,,,0.7332421875,4.803233,0.7275292969,4.80408,0.70359375,4.803872
,,,,,,0.7332421875,4.813453,0.7275292969,4.814291,0.7057324219,4.814085
,,,,,,0.7332421875,4.82366,0.7275292969,4.824562,0.708046875,4.824353
,,,,,,0.7332421875,4.833879,0.7275292969,4.834765,0.7102734375,4.834558
,,,,,,0.7332421875,4.844146,0.7275292969,4.844972,0.7123535156,4.844782
,,,,,,0.7332421875,4.854348,0.7275292969,4.855255,0.7145214844,4.855035
,,,,,,0.7332421875,4.864563,0.7275292969,4.865467,0.7166894531,4.865238
,,,,,,0.7332421875,4.874805,0.7275292969,4.875687,0.7186230469,4.875446
,,,,,,0.7332421875,4.885003,0.7275292969,4.885963,0.7207324219,4.885719
,,,,,,0.7332421875,4.895232,0.7275292969,4.896162,0.7228125,4.895928
,,,,,,0.7332421875,4.905463,0.7275292969,4.90637,0.7246875,4.906141
,,,,,,0.7332421875,4.915671,0.7275292969,4.916668,0.7266210938,4.916387
,,,,,,0.7332421875,4.925892,0.7275292969,4.926876,0.7284375,4.926592
,,,,,,,,0.7275292969,4.937091,0.72984375,4.936807
,,,,,,,,0.7275292969,4.947356,0.7311328125,4.94705
,,,,,,,,0.7275292969,4.957556,0.7318945313,4.957257
,,,,,,,,0.7275292969,4.967773,0.7323046875,4.967475
,,,,,,,,0.7275292969,4.978055,0.73265625,4.977684
,,,,,,,,0.7275292969,4.988261,0.7328613281,4.987888
,,,,,,,,0.7275292969,4.998488,0.7328613281,4.998102
,,,,,,,,0.7275292969,5.00873,0.7328613281,5.008327
,,,,,,,,0.7275292969,5.018935,0.7328613281,5.018532
,,,,,,,,0.7275292969,5.029156,0.732890625,5.02876
,,,,,,,,0.7275292969,5.039382,0.7328613281,5.038966
,,,,,,,,0.7275292969,5.049585,0.732890625,5.049168
,,,,,,,,0.7275292969,5.059816,0.7328613281,5.059382
,,,,,,,,0.7275292969,5.070048,0.7328613281,5.069618
,,,,,,,,0.7275292969,5.08025,0.7328613281,5.079822
,,,,,,,,0.7275292969,5.090464,0.7328613281,5.090054
,,,,,,,,0.7275292969,5.100738,0.7328613281,5.100274
,,,,,,,,0.7275292969,5.11094,0.7328613281,5.110489
,,,,,,,,0.7275292969,5.121164,0.732890625,5.120705
,,,,,,,,0.7275292969,5.131426,0.732890625,5.130969
,,,,,,,,0.7275292969,5.141631,0.7328613281,5.14118
,,,,,,,,0.7275292969,5.151845,0.732890625,5.1514
,,,,,,,,0.7275292969,5.162111,0.7328613281,5.161635
,,,,,,,,0.7275292969,5.172312,0.7328613281,5.171845
,,,,,,,,0.7275292969,5.182525,0.732890625,5.18206
,,,,,,,,,,0.732890625,5.192323
,,,,,,,,,,0.732890625,5.202531
,,,,,,,,,,0.7328613281,5.212754
,,,,,,,,,,0.732890625,5.222988
,,,,,,,,,,0.7328613281,5.233201
,,,,,,,,,,0.732890625,5.243416
,,,,,,,,,,0.732890625,5.253677
,,,,,,,,,,0.732890625,5.26388
,,,,,,,,,,0.732890625,5.274103
,,,,,,,,,,0.7328613281,5.284346
,,,,,,,,,,0.7328613281,5.294558
,,,,,,,,,,0.7328613281,5.304771
,,,,,,,,,,0.732890625,5.31504
,,,,,,,,,,0.732890625,5.325252
,,,,,,,,,,0.7328613281,5.335468
,,,,,,,,,,0.732890625,5.345734
,,,,,,,,,,0.7328613281,5.355955
,,,,,,,,,,0.732890625,5.36617
,,,,,,,,,,0.732890625,5.376454
,,,,,,,,,,0.732890625,5.386664
,,,,,,,,,,0.732890625,5.396881
,,,,,,,,,,0.732890625,5.407167
,,,,,,,,,,0.7328613281,5.417368
,,,,,,,,,,0.7328613281,5.427572
,,,,,,,,,,0.732890625,5.437785
,,,,,,,,,,0.732890625,5.447986
,,,,,,,,,,0.732890625,5.458201
,,,,,,,,,,0.7328613281,5.468441
,,,,,,,,,,0.732890625,5.47865
,,,,,,,,,,0.7328613281,5.488859
,,,,,,,,,,0.732890625,5.499129
,,,,,,,,,,0.732890625,5.509333
,,,,,,,,,,0.732890625,5.519556
,,,,,,,,,,0.732890625,5.529783
,,,,,,,,,,0.732890625,5.53998
,,,,,,,,,,0.7328613281,5.550188
,,,,,,,,,,0.732890625,5.560453
,,,,,,,,,,0.732890625,5.570662
,,,,,,,,,,0.732890625,5.580881
,,,,,,,,,,0.732890625,5.591159
,,,,,,,,,,0.732890625,5.601365
,,,,,,,,,,0.732890625,5.611572
,,,,,,,,,,0.732890625,5.621843
,,,,,,,,,,0.7328613281,5.632048
,,,,,,,,,,0.732890625,5.642262
,,,,,,,,,,0.732890625,5.652559
,,,,,,,,,,0.732890625,5.662762
,,,,,,,,,,0.732890625,5.672974
,,,,,,,,,,0.732890625,5.683248
,,,,,,,,,,0.732890625,5.69345
,,,,,,,,,,0.7328613281,5.703663
,,,,,,,,,,0.7328613281,5.713967
,,,,,,,,,,0.732890625,5.724169
,,,,,,,,,,0.732890625,5.734371
,,,,,,,,,,0.7328613281,5.744599
,,,,,,,,,,0.7328613281,5.754809
,,,,,,,,,,0.732890625,5.765015
,,,,,,,,,,0.732890625,5.775229
,,,,,,,,,,0.732890625,5.785447
,,,,,,,,,,0.732890625,5.795651
,,,,,,,,,,0.732890625,5.805856
,,,,,,,,,,0.732890625,5.816065
,,,,,,,,,,0.732890625,5.826276
,,,,,,,,,,0.732890625,5.836504
,,,,,,,,,,0.732890625,5.846719
,,,,,,,,,,0.732890625,5.856921
,,,,,,,,,,0.732890625,5.86714
,,,,,,,,,,0.732890625,5.877351
,,,,,,,,,,0.732890625,5.88756
,,,,,,,,,,0.732890625,5.897805